Model,Runtime,Accuracy,F1,data
Decision Tree,0.7,0.8404494382022472,0.8407057619352993,bbc news
Decision Tree fine-tuned,14.45,0.8179775280898877,0.8227605111668314,bbc news
Decision Tree,11.28,0.7258909853249476,0.7251371124846202,sarcasm detection
Decision Tree fine-tuned,58.69,0.6298043326345213,0.5908132035431083,sarcasm detection
Random Forest,3.13,0.9752808988764045,0.9752748142548742,bbc news
Random Forest,63.46,0.763277428371768,0.7610698953037888,sarcasm detection
Random Forest fine-tuned,465.43,0.776554856743536,0.7760982141535444,sarcasm detection
