Model,Runtime,Accuracy,F1,data
Decision Tree,0.73,0.849438202247191,0.8495137401608321,bbc news
Decision Tree fine-tuned,8.08,0.6179775280898876,0.6326724210040741,bbc news
Decision Tree,14.38,0.730083857442348,0.7290779597639142,sarcasm detection
Decision Tree fine-tuned,8.67,0.6158280922431866,0.5679729781822408,sarcasm detection
